"","sent_pair_id","item","classification","frequency_rank","recipient_id","DOsentence","PDsentence","DO_score1","PD_score1","diff1","DO_score2","PD_score2","diff2","DO_score3","PD_score3","diff3","DO_score4","PD_score4","diff4","DO_score5","PD_score5","diff5","DO_avg","PD_avg","diff_avg"
"1",1,101,"alternating",1,"longIndefinite","Bob took a man wearing a hat a gift.","Bob took a gift to a man wearing a hat.",-9.38731893576166,-9.00737624432063,-0.379942691441027,-9.60834007604579,-9.50792082463619,-0.100419251409603,-9.34091806257152,-10.5170368751795,1.17611881260797,-8.585197508,-8.490409998,-0.09478751,-10.3679186612013,-10.7355296576363,0.367610996434955,-9.45793864871606,-9.65165471995452,0.193716071238459
"2",2,101,"alternating",1,"shortIndefinite","Juan took a woman a gift.","Juan took a gift to a woman.",-9.74839254316077,-9.10880039582203,-0.639592147338744,-8.92013801175311,-8.98199239297315,0.0618543812200354,-10.885952881772,-10.8999310395816,0.0139781578096017,-8.71645547,-9.049860902,0.333405432,-9.51571268455755,-9.89357158775528,0.377858903197735,-9.55733031824868,-9.58683126362641,0.0295009453777256
"3",3,103,"alternating",3,"longIndefinite","Michael gave a man wearing a hat a message.","Michael gave a message to a man wearing a hat.",-9.4274569461852,-9.59800791035985,0.170550964174652,-8.84859172504201,-10.1361036186028,1.28751189356082,-9.70876434132908,-10.3913439763181,0.682579634989033,-9.703496799,-9.289815289,-0.413681511,-10.2511823566892,-11.1263263629695,0.875144006280307,-9.58789843364909,-10.1083194314501,0.520420997600962
"4",4,103,"alternating",3,"shortIndefinite","Bob gave a woman a message.","Bob gave a message to a woman.",-10.176935021789,-10.3149183594107,0.137983337621655,-9.55091059608683,-9.88908861140175,0.338178015314918,-10.3750149980664,-10.5107874592759,0.135772461209445,-9.82716937,-9.804837338,-0.022332032,-9.95162024145143,-10.270135079301,0.318514837849561,-9.97633004547874,-10.1579533694779,0.181623323999116
"5",5,105,"alternating",5,"longIndefinite","Linda showed a man who was from work a picture.","Linda showed a picture to a man who was from work.",-9.5913606266837,-10.5231408784751,0.931780251791446,-9.75028765931817,-10.449534215199,0.699246555880837,-9.91125112638587,-10.7395697143728,0.828318587986928,-9.809443608,-10.38542692,0.575983316,-10.2222567828197,-11.1329410614837,0.910684278663954,-9.85691996064149,-10.6461225579061,0.789202598064633
"6",6,105,"alternating",5,"shortIndefinite","Juan showed a woman a picture.","Juan showed a picture to a woman.",-10.5133500631209,-10.441093534543,-0.0722565285779044,-9.28952809089967,-9.84464567980816,0.555117588908491,-10.3611190772248,-11.028504422319,0.667385345094193,-9.55536633,-9.607123974,0.051757645,-9.729767522111,-9.84842759274207,0.118660070631066,-9.88982621667129,-10.1539590406825,0.264132824211169
"7",7,107,"alternating",7,"longIndefinite","Maria brought a woman who was wearing a hat a blanket.","Maria brought a blanket to a woman who was wearing a hat.",-10.480395363464,-10.25995968571,-0.220435677754057,-9.33917653401282,-9.53177390845369,0.192597374440865,-10.3304050670052,-10.1448484243709,-0.185556642634317,-10.84482548,-9.240751984,-1.604073492,-10.399629489838,-9.76459622406908,-0.635033265768962,-10.278886386864,-9.78838604532073,-0.490500340743294
"8",8,107,"alternating",7,"shortIndefinite","Juan brought a woman a blanket.","Juan brought a blanket to a woman.",-11.2837025903498,-11.004559216453,-0.279143373896709,-9.32131566078262,-8.99731878988437,-0.323996870898245,-9.42126205925161,-10.1352702735437,0.714008214292079,-9.044832484,-9.779770603,0.734938119,-6.50659092906024,-9.4085543194188,2.90196339035855,-9.11554074468885,-9.86509464045998,0.749553895771136
"9",9,109,"alternating",9,"longIndefinite","John paid a man wearing a hat a compliment.","John paid a compliment to a man wearing a hat.",-9.63318388004911,-9.6285360122765,-0.00464786777261139,-9.51685159247138,-10.4521389944821,0.935287402010729,-9.59220961263947,-10.5115752774006,0.919365664761118,-8.514284863,-8.617303622,0.103018759,-10.4064557668009,-10.5062747460877,0.099818979286745,-9.53259714299217,-9.94316573044937,0.410568587457196
"10",10,109,"alternating",9,"shortIndefinite","Mary paid a woman a compliment.","Mary paid a compliment to a woman.",-10.8958564629524,-10.6468421086624,-0.249014354290019,-9.90631883464478,-10.3742851266817,0.467966292036914,-10.064016562068,-10.2926247287541,0.228608166686021,-11.167693,-11.29443786,0.126744862,-8.64255362536175,-8.76233077418349,0.119777148821736,-10.1352876970054,-10.2741041196563,0.138816423050931
"11",11,111,"alternating",11,"longIndefinite","Maria offered a man from work a payment.","Maria offered a payment to a man from work.",-9.8615565635393,-9.74659549878058,-0.11496106475872,-9.53218771445253,-9.85139460276451,0.31920688831198,-10.2482258648276,-10.2289949295224,-0.0192309353051847,-9.851273644,-10.03388414,0.182610497,-9.85969358680946,-10.5882146688424,0.728521082032902,-9.87058747472577,-10.089816767982,0.219229293456195
"12",12,111,"alternating",11,"shortIndefinite","Alice offered a woman a payment.","Alice offered a payment to a woman.",-9.47130636506319,-9.60756126554403,0.136254900480846,-9.51056244922704,-8.92325026221246,-0.587312187014581,-9.80492881716611,-9.16229847596827,-0.642630341197837,-10.59436466,-10.24588025,-0.348484412,-9.55132029541835,-10.3570846112318,0.805764315813439,-9.78649651737494,-9.65921497299131,-0.127281544783626
"13",13,113,"alternating",13,"longIndefinite","Linda sold a woman who was from work some coffee.","Linda sold some coffee to a woman who was from work.",-9.62286879151594,-9.69548261044972,0.0726138189337853,-10.2879243647731,-9.42098759941515,-0.866936765357977,-10.2877491418112,-9.42211403632561,-0.865635105485604,-9.945384818,-9.486310219,-0.459074599,-10.0015358337229,-9.79884584478896,-0.202689988933992,-10.0290925899646,-9.56474806199589,-0.464344527968757
"14",14,113,"alternating",13,"shortIndefinite","Alice sold a man some coffee.","Alice sold some coffee to a man.",-9.3803945536333,-8.68756054156771,-0.692834012065596,-9.2479689462161,-9.42278339126074,0.174814445044632,-9.22081572955121,-8.86575677913953,-0.35505895041168,-9.84549774,-9.113090757,-0.732406983,-9.92912086672127,-9.37524715623162,-0.553873710489654,-9.52475956722438,-9.09288772503992,-0.43187184218446
"15",15,115,"alternating",15,"longIndefinite","Michael hit a woman wearing a hat a curveball.","Michael hit a curveball to a woman wearing a hat.",-9.81747724472693,-9.26927684870812,-0.548200396018805,-9.87690293427353,-9.57101109205642,-0.305891842217106,-9.75930763952222,-9.6627021070683,-0.0966055324539248,-10.04717225,-9.458498118,-0.588674136,-9.50722701292063,-9.25401653153292,-0.253210481387711,-9.80161741628866,-9.44310093947315,-0.358516477615509
"16",16,115,"alternating",15,"shortIndefinite","Bob hit a woman a curveball.","Bob hit a curveball to a woman.",-9.85476535144235,-9.23936522520416,-0.615400126238185,-9.90203782361024,-9.74338836630186,-0.158649457308378,-9.41109546687501,-9.32346134796354,-0.087634118911474,-9.121715985,-9.358937837,0.237221852,-8.91306347087464,-8.84049994525209,-0.0725635256225488,-9.44053561956045,-9.30113054434433,-0.139405075216117
"17",17,117,"alternating",17,"longIndefinite","Mary taught a woman wearing a hat a concept.","Mary taught a concept to a woman wearing a hat.",-8.31397006343606,-7.08715210373142,-1.22681795970465,-9.8387712709832,-8.80292744923499,-1.03584382174821,-9.69215106749985,-9.46458799215227,-0.227563075347579,-9.878227137,-9.017373726,-0.860853411,-8.86074470411937,-8.77001167513107,-0.0907330289882964,-9.31677284860769,-8.62841058924995,-0.688362259357747
"18",18,117,"alternating",17,"shortIndefinite","Maria taught a woman a concept.","Maria taught a concept to a woman.",-7.56100213161701,-6.3621134204089,-1.19888871120811,-9.00737495315293,-8.2018577651528,-0.805517188000129,-10.1883644420917,-9.88002580374775,-0.308338638343994,-9.418123482,-7.954443044,-1.463680438,-9.46909253782066,-9.27326304326122,-0.195829494559439,-9.12879150933647,-8.33434061531413,-0.794450894022334
"19",19,119,"alternating",19,"longIndefinite","Juan threw a woman wearing a hat a soda.","Juan threw a soda to a woman wearing a hat.",-10.3898098546084,-9.84551560299445,-0.544294251613975,-9.87503849699666,-8.66799849622243,-1.20704000077423,-10.1311798708836,-10.6191344559721,0.487954585088552,-8.39021056,-8.456315271,0.066104711,-8.32214475929305,-9.65855385696268,1.33640909766963,-9.42167670835635,-9.44950353663034,0.0278268282739949
"20",20,119,"alternating",19,"shortIndefinite","John threw a woman a soda.","John threw a soda to a woman.",-9.99562365952076,-9.64770627641082,-0.347917383109944,-10.8538695917378,-9.38486282216855,-1.46900676956928,-10.8199317845045,-10.6489002063494,-0.171031578155056,-7.902889464,-6.724976605,-1.177912859,-7.84023056280264,-9.49813292404776,1.65790236124512,-9.48250901251314,-9.18091576679531,-0.301593245717832
"21",21,121,"alternating",21,"longIndefinite","Linda pushed a woman who was from work a plate.","Linda pushed a plate to a woman who was from work.",-9.80706347971402,-9.71525520361992,-0.0918082760940973,-10.8143703555422,-10.5414285338488,-0.272941821693419,-10.7681418708067,-8.18027976257132,-2.58786210823536,-10.22151307,-9.770017125,-0.451495948,-10.0847000896094,-7.7478709963594,-2.33682909324997,-10.3391577731345,-9.19097032427988,-1.14818744945457
"22",22,121,"alternating",21,"shortIndefinite","John pushed a woman a plate.","John pushed a plate to a woman.",-9.93983483621964,-9.3392219193437,-0.600612916875939,-10.902512927832,-10.4707520047846,-0.431760923047426,-8.67614175819312,-7.16518634298683,-1.51095541520629,-8.233378388,-8.234045932,0.000667544,-7.54663383937085,-9.15870476824919,1.61207092887834,-9.05970034992313,-8.87358219347286,-0.186118156450263
"23",23,123,"alternating",23,"longIndefinite","Linda flew a team from work some weapons.","Linda flew some weapons to a team from work.",-9.62807769553721,-9.03345262289958,-0.594625072637628,-11.2488139187363,-10.175479434544,-1.07333448419231,-9.88681797105733,-10.0850174523115,0.198199481254205,-9.838978959,-9.01897565,-0.820003309,-10.4595926648826,-10.5007111099883,0.0411184451057718,-10.2124562418427,-9.7627272539487,-0.449728987893993
"24",24,123,"alternating",23,"shortIndefinite","Bob flew a team some weapons.","Bob flew some weapons to a team.",-9.56500444551529,-9.54692488332253,-0.0180795621927619,-11.2577706380897,-10.1838572326338,-1.07391340545583,-10.2771702210867,-10.0661135868031,-0.21105663428358,-9.586665701,-7.80898416,-1.777681542,-9.75326056745868,-9.85730901250836,0.104048445049683,-10.0879743146301,-9.49263777505356,-0.595336539776497
"25",25,125,"alternating",25,"longIndefinite","Bob promised a woman who was wearing a hat a chance.","Bob promised a chance to a woman who was wearing a hat.",-9.72285920808912,-9.74060724817397,0.017748040084852,-9.93385651916976,-9.9952967430016,0.0614402238318448,-10.1493431983189,-10.360980730599,0.211637532280053,-8.940967159,-10.27230098,1.331333822,-10.3269041399912,-10.2960592108299,-0.0308449291612156,-9.81478604491379,-10.1330489825209,0.318262937807107
"26",26,125,"alternating",25,"shortIndefinite","Michael promised a man a chance.","Michael promised a chance to a man.",-10.482112542815,-10.2596846998178,-0.222427842997234,-11.1235320441186,-10.8088958773933,-0.314636166725354,-10.7189411285445,-11.2406477182077,0.521706589663221,-11.7449153,-11.19940434,-0.545510961,-9.74866928706191,-9.86820147855627,0.119532191494359,-10.763634060508,-10.675366822795,-0.0882672379130014
"27",27,127,"alternating",27,"longIndefinite","John kicked a woman who was from work a football.","John kicked a football to a woman who was from work.",-9.76495755396186,-9.67376219164195,-0.0911953623199118,-10.0684985040796,-10.2332658119637,0.164767307884123,-9.94571878949866,-9.32689517046749,-0.618823619031172,-8.446728977,-8.467336642,0.020607665,-8.13282905871564,-9.57996618997343,1.44713713125779,-9.27174657665115,-9.45624520120931,0.184498624558166
"28",28,127,"alternating",27,"shortIndefinite","Michael kicked a woman a football.","Michael kicked a football to a woman.",-9.09232750972717,-10.0187799057475,0.926452396020345,-9.84383992292148,-9.8794894841392,0.0356495612177206,-8.92014977988008,-9.30517154518137,0.385021765301287,-8.655996484,-9.254974851,0.598978367,-7.21725360896651,-9.325836109573,2.10858250060649,-8.74591346109905,-9.55685037912822,0.810936918029169
"29",29,129,"alternating",29,"longIndefinite","Alice granted a woman wearing a hat another chance.","Alice granted another chance to a woman wearing a hat.",-9.06398575987829,-9.46797637158561,0.403990611707322,-9.13699596560359,-10.2744103673411,1.13741440173754,-9.36193768225366,-9.89126273644226,0.529325054188604,-9.759397364,-9.621063672,-0.138333692,-10.3563836502131,-10.6101831364441,0.253799486230976,-9.53574008438973,-9.97297925676261,0.437239172372888
"30",30,129,"alternating",29,"shortIndefinite","Linda granted a man another chance.","Linda granted another chance to a man.",-9.98794407712476,-10.0789515238209,0.0910074466961071,-10.3060878961921,-10.9111275147655,0.605039618573358,-9.37913970428125,-10.290739853039,0.911600148757731,-10.87977531,-10.64085068,-0.238924632,-11.5258244640932,-10.8944869210761,-0.631337543017148,-10.4157542903383,-10.5632312985403,0.14747700780201
"31",31,131,"alternating",31,"longIndefinite","Michael slipped a man from work a pill.","Michael slipped a pill to a man from work.",-10.8693606913937,-11.0824818067523,0.213121115358648,-11.4295433069271,-10.8491969516932,-0.580346355233949,-11.6299860704064,-11.1588098602326,-0.471176210173793,-10.31842747,-10.40706431,0.088636847,-10.1687165856285,-10.1222919077481,-0.0464246778803243,-10.8832068248711,-10.7239689672853,-0.159237856185884
"32",32,131,"alternating",31,"shortIndefinite","John slipped a woman a pill.","John slipped a pill to a woman.",-10.2017561187372,-10.192586991105,-0.00916912763222832,-9.96480431915817,-9.97388741325409,0.00908309409591546,-11.3236875980287,-10.9502844092649,-0.373403188763765,-8.329497656,-8.431397628,0.101899972,-10.1222197497479,-9.96248603861855,-0.159733711129396,-9.9883930883344,-9.90212849604851,-0.0862645922858949
"33",33,133,"alternating",33,"longIndefinite","John quoted a man wearing a hat a sentence.","John quoted a sentence to a man wearing a hat.",-9.35771730807705,-9.41336752623904,0.0556502181619898,-10.0085285810959,-10.0980798921439,0.0895513110480017,-8.91422437382403,-9.53785775013028,0.62363337630625,-8.31799914,-8.440012632,0.122013492,-10.2617628105524,-10.6343680323235,0.372605221771112,-9.37204644270988,-9.62473716656735,0.252690723857471
"34",34,133,"alternating",33,"shortIndefinite","Michael quoted a woman a sentence.","Michael quoted a sentence to a woman.",-9.54067405221712,-9.93262469158448,0.391950639367353,-10.4486633313557,-10.4296965911173,-0.0189667402384099,-11.1990219632535,-9.79898256008711,-1.40003940316636,-8.025208154,-10.56387053,2.538662377,-10.6485436651717,-10.3954199145366,-0.253123750635149,-9.9724222331996,-10.2241188574651,0.251696624465488
"35",35,135,"alternating",35,"longIndefinite","Linda owed a woman wearing a hat a job.","Linda owed a job to a woman wearing a hat.",-9.87875064562715,-9.50734660982418,-0.371404035802973,-9.81286166558229,-10.5209065428983,0.70804487731605,-9.60140056094393,-10.4014396396843,0.800039078740381,-9.575437452,-9.39883089,-0.176606562,-10.6805798165646,-10.6054158666619,-0.0751639499026755,-9.9098060281436,-10.0867879098138,0.176981881670157
"36",36,135,"alternating",35,"shortIndefinite","Bob owed a woman a job.","Bob owed a job to a woman.",-9.71809348244612,-10.0983340510491,0.380240568602936,-9.50212442022369,-9.71128755805272,0.209163137829039,-9.82431673759953,-10.948083910461,1.12376717286147,-9.769574165,-9.807260293,0.037686128,-10.1982177797002,-9.81416822137545,-0.384049558324781,-9.80246531699391,-10.0758268067876,0.273361489793732
"37",37,137,"alternating",37,"longIndefinite","Mary slid a man from work a note.","Mary slid a note to a man from work.",-10.9019068010716,-10.7873765820844,-0.114530218987158,-10.0258864993222,-10.3102061743366,0.284319675014391,-9.48809579055573,-9.45060744393776,-0.0374883466179732,-9.682493214,-10.098392,0.415898786,-8.70251236716268,-8.8702398317458,0.167727464583121,-9.76017893442245,-9.90336440642092,0.143185471998476
"38",38,137,"alternating",37,"shortIndefinite","Linda slid a woman a note.","Linda slid a note to a woman.",-11.5307358436946,-11.074487296785,-0.456248546909567,-9.44130851984319,-10.6528473383874,1.21153881854419,-9.11454283944164,-9.24294950783631,0.128406668394668,-9.920992353,-10.37239877,0.451406418,-10.3643004499118,-10.643049259331,0.278748809419277,-10.0743760011782,-10.3971464344679,0.322770433489714
"39",39,139,"alternating",39,"longIndefinite","Mary assigned a woman who was from work a desk.","Mary assigned a desk to a woman who was from work.",-9.27248144635649,-9.58959665823489,0.317115211878402,-9.08025329339955,-9.36205699035982,0.281803696960267,-9.79170077673367,-9.49734880709647,-0.294351969637194,-7.999187393,-7.126065353,-0.873122039,-7.69190998940089,-8.28131382764786,0.589403838246975,-8.76710657977812,-8.77127632726781,0.00416974768969001
"40",40,139,"alternating",39,"shortIndefinite","Michael assigned a woman a desk.","Michael assigned a desk to a woman.",-8.78802007908815,-9.40063815255527,0.612618073467116,-8.90423001277254,-9.28893229603694,0.384702283264398,-9.03673006989169,-10.0058690949582,0.969139025066468,-4.702970921,-7.083734842,2.38076392,-7.05915988502721,-8.39447361380292,1.3353137287757,-7.69822219355592,-8.83472959987066,1.13650740611474
"41",41,141,"alternating",41,"longIndefinite","Alice guaranteed a man wearing a hat a spot.","Alice guaranteed a spot to a man wearing a hat.",-8.8941172487746,-8.49968642830232,-0.39443082047228,-9.484486094962,-8.71947689734646,-0.765009197615539,-9.6641106371422,-9.55676969457194,-0.107340942570254,-9.39030325,-9.227126913,-0.163176338,-10.3603614556908,-9.14078895748418,-1.21957249820659,-9.55867573731391,-9.02876977814098,-0.529905959372932
"42",42,141,"alternating",41,"shortIndefinite","John guaranteed a man a spot.","John guaranteed a spot to a man.",-8.79327365911175,-9.13207381160154,0.338800152489785,-9.72401186385082,-8.81485701001773,-0.909154853833096,-10.0312116988717,-8.97631401137348,-1.05489768749824,-8.076838222,-8.302021496,0.225183274,-9.41632421365373,-9.27119330299037,-0.145130910663363,-9.20833193149761,-8.89929192639662,-0.309040005100984
"43",43,143,"alternating",43,"longIndefinite","John floated a woman who was wearing a hat a bottle.","John floated a bottle to a woman who was wearing a hat.",-10.1070042498262,-10.0136936547113,-0.093310595114815,-9.76077955872988,-9.63425978436358,-0.126519774366299,-10.211353226377,-10.2290916573731,0.0177384309960811,-8.574206156,-8.772488769,0.198282613,-10.0400834715589,-10.582227812519,0.542144340960057,-9.7386853324984,-9.84635233559341,0.107667003095005
"44",44,143,"alternating",43,"shortIndefinite","Michael floated a woman a bottle.","Michael floated a bottle to a woman.",-10.8853739046183,-10.1042976119289,-0.781076292689381,-10.8531369638786,-10.0070242062775,-0.846112757601077,-10.7656931025947,-10.4818175912099,-0.283875511384801,-10.35480198,-10.54354752,0.188745546,-10.9475290985706,-10.7113487403489,-0.236180358221741,-10.7613070099324,-10.369607133953,-0.3916998747794
"45",45,145,"alternating",45,"longIndefinite","Maria pitched a woman who was from work a proposal.","Maria pitched a proposal to a woman who was from work.",-10.1795739282671,-9.65999106977837,-0.519582858488684,-10.0058414822176,-9.83949034685556,-0.166351135362058,-10.572660730978,-10.3689411796379,-0.203719551340166,-10.25135119,-10.31556251,0.064211324,-10.3705845668503,-10.3901256024176,0.0195410355673076,-10.2760023796626,-10.1148221417379,-0.16118023712472
"46",46,145,"alternating",45,"shortIndefinite","Bob pitched a man a proposal.","Bob pitched a proposal to a man.",-10.6821606402678,-9.73773122410577,-0.944429416162082,-9.94870073740285,-9.45832756769206,-0.490373169710789,-9.99148378880502,-10.3706155537656,0.379131764960583,-10.03189278,-9.984779197,-0.047113587,-10.0210936027983,-10.1263793536211,0.105285750822825,-10.1350663098548,-9.93556657923691,-0.199499731417893
"47",47,147,"alternating",47,"longIndefinite","Michael shipped a man who was wearing a hat a box.","Michael shipped a box to a man who was wearing a hat.",-9.48988956496377,-8.31566342471679,-1.17422614024699,-10.5075515490949,-9.96996934636789,-0.537582202726975,-10.190430964679,-8.61457284093813,-1.57585812374085,-9.520051366,-9.408165037,-0.111886329,-8.88529407768784,-8.73493632239027,-0.150357755297575,-9.71864350448509,-9.00866139428262,-0.709982110202477
"48",48,147,"alternating",47,"shortIndefinite","Michael shipped a man a box.","Michael shipped a box to a man.",-9.2026713290317,-8.03853625156357,-1.16413507746813,-10.4308525234793,-10.4101082969143,-0.0207442265649718,-6.75010688792144,-8.27135987296182,1.52125298504038,-8.022080962,-9.443506889,1.421425927,-7.4384332275588,-8.29152553870808,0.853092311149282,-8.36882898599825,-8.89100736982956,0.522178383831313
"49",49,149,"alternating",49,"longIndefinite","John slammed a woman who was from work a fastball.","John slammed a fastball to a woman who was from work.",-10.3445171693896,-10.3745371052894,0.0300199358998263,-11.0754365879876,-10.8723727163205,-0.203063871667116,-11.3098432556647,-10.8840378068996,-0.425805448765109,-8.737598777,-8.652970547,-0.084628229,-7.79186653020289,-8.55542689437676,0.763560364173866,-9.85185246404896,-9.86786901397725,0.0160165501282936
"50",50,149,"alternating",49,"shortIndefinite","Bob slammed a woman a fastball.","Bob slammed a fastball to a woman.",-11.5707705594638,-11.6832599868214,0.112489427357593,-10.9276251518205,-11.0067082336091,0.0790830817886103,-11.8784753686145,-11.4132342651075,-0.465241103507006,-9.390254106,-9.504473289,0.114219183,-7.65083906071017,-8.36356777243608,0.712728711725905,-10.2835928493218,-10.3942487093948,0.11065586007302
"51",51,151,"alternating",51,"longIndefinite","Alice signaled a woman from work a formation.","Alice signaled a formation to a woman from work.",-9.74086010716273,-7.90019001318817,-1.84067009397456,-10.6274210672666,-10.8542040959138,0.226783028647136,-10.9445175053433,-9.12995730129478,-1.81456020404851,-9.605372763,-9.318900884,-0.286471879,-9.68833398506539,-9.14472385004796,-0.543610135017435,-10.1213010855676,-9.26959522888894,-0.851705856678675
"52",52,151,"alternating",51,"shortIndefinite","Bob signaled a woman a formation.","Bob signaled a formation to a woman.",-8.35001821407313,-7.19170225764028,-1.15831595643285,-10.2527646665073,-9.89746727658758,-0.355297389919759,-9.0403017675157,-6.80764635420139,-2.23265541331431,-5.531575735,-7.420439714,1.888863979,-8.08627966475147,-7.68724984496251,-0.399029819788957,-8.25218800956953,-7.80090108947835,-0.451286920091175
"53",53,153,"alternating",53,"longIndefinite","Bob snuck a woman who was from work a cookie.","Bob snuck a cookie to a woman who was from work.",-9.36174888203052,-9.49855636106481,0.136807479034291,-10.7606391654623,-10.8195701230711,0.0589309576088279,-11.1048330307065,-10.2402419447484,-0.864591085958052,-10.16868108,-10.29768654,0.129005461,-8.62726286861157,-8.93841161825423,0.31114874964266,-10.0046330053622,-9.95889331742772,-0.0457396877344547
"54",54,153,"alternating",53,"shortIndefinite","Linda snuck a woman a cookie.","Linda snuck a cookie to a woman.",-10.2133483382975,-9.48449054874209,-0.72885778955543,-10.6504221520364,-10.760419011646,0.109996859609558,-10.8118276583852,-10.3067725618262,-0.50505509655901,-11.27777646,-11.08201742,-0.195759038,-8.19627299709451,-8.45514357944588,0.258870582351362,-10.2299295211627,-10.017768624332,-0.212160896430704
"55",55,155,"alternating",55,"longIndefinite","Linda shoved a man who was from work a letter.","Linda shoved a letter to a man who was from work.",-10.3230050412415,-10.3219616889901,-0.00104335225135976,-10.998115801424,-10.9037590530597,-0.0943567483643903,-11.4235483659862,-10.7259552822748,-0.697593083711411,-10.09791133,-10.06361796,-0.034293364,-10.9883147856421,-11.1840596158739,0.195744830231806,-10.7661790648588,-10.6398707200397,-0.126308343619071
"56",56,155,"alternating",55,"shortIndefinite","John shoved a woman a letter.","John shoved a letter to a woman.",-9.97526014502015,-9.67361998821025,-0.301640156809901,-10.0231465256696,-10.8099899361186,0.786843410449002,-11.2999663080058,-11.0840993312168,-0.215866976788947,-8.269059836,-8.286203373,0.017143537,-10.5025622149281,-10.7897093724781,0.287147157550049,-10.0139990059247,-10.1287244002048,0.114725394280041
"57",57,157,"alternating",57,"longIndefinite","Mary hauled a man who was wearing a hat a shipment.","Mary hauled a shipment to a man who was wearing a hat.",-9.71908874038285,-9.98147995435108,0.262391213968233,-9.69251379832963,-9.87964629745008,0.187132499120446,-9.91318093186066,-10.1242454460017,0.211064514141086,-10.52081252,-10.24757855,-0.273233969,-9.00949514162658,-9.0957157826895,0.0862206410629209,-9.77101822643994,-9.86573320609848,0.0947149798585371
"58",58,157,"alternating",57,"shortIndefinite","Alice hauled a man a shipment.","Alice hauled a shipment to a man.",-10.6117196772327,-10.5227313477225,-0.0889883295102347,-11.1124913962051,-10.9250494829006,-0.187441913304571,-11.1253339123203,-10.9936614777829,-0.131672434537375,-11.43296182,-9.921549009,-1.511412811,-11.1458977756305,-11.2952421629419,0.149344387311411,-11.0856809162777,-10.7316466960696,-0.354034220208154
"59",59,159,"alternating",59,"longIndefinite","Bob willed a woman who was from work a painting.","Bob willed a painting to a woman who was from work.",-9.76212380056255,-10.0492699915804,0.287146191017831,-9.97025632389999,-9.82751228786338,-0.142744036036611,-10.3154475357899,-9.98316163017176,-0.332285905618113,-8.109387005,-9.890233495,1.78084649,-9.9339385633926,-10.1854196087644,0.251481045371849,-9.618230645729,-9.98711940267599,0.368888756946991
"60",60,159,"alternating",59,"shortIndefinite","John willed a man a painting.","John willed a painting to a man.",-9.71367820789895,-9.86394821212109,0.15027000422214,-9.68381534869241,-9.78460729027799,0.100791941585584,-9.31797937119322,-9.72613057113289,0.408151199939669,-8.305835834,-8.451834084,0.145998251,-9.5529368200182,-9.63972419816877,0.0867873781505732,-9.31484911636056,-9.49324887114015,0.178399754979593
"61",61,161,"alternating",61,"longIndefinite","Mary mailed a woman from work a note.","Mary mailed a note to a woman from work.",-10.4843041533224,-10.3157508066429,-0.168553346679513,-10.0882670560824,-10.2447212583314,0.156454202248996,-10.0332976004242,-9.96151613324813,-0.0717814671760824,-8.934596315,-10.01487161,1.080275295,-8.73850310186512,-8.97653238452452,0.238029282659394,-9.65579364533884,-9.9026784385494,0.246884793210559
"62",62,161,"alternating",61,"shortIndefinite","Alice mailed a man a note.","Alice mailed a note to a man.",-9.83898056364814,-10.0174817246338,0.178501160985652,-11.3000712125833,-11.474139248546,0.17406803596276,-9.66244236688247,-10.2804800860222,0.618037719139716,-10.46011429,-10.09420745,-0.365906843,-10.7956598834428,-11.4646078386194,0.668947955176662,-10.4114536633113,-10.6661832695643,0.254729605652958
"63",63,163,"alternating",63,"longIndefinite","Maria phoned a man who was from work a request.","Maria phoned a request to a man who was from work.",-10.4825881018048,-10.3994653796142,-0.0831227221906516,-10.6725618625212,-10.7576987577685,0.0851368952473983,-10.9405902866931,-10.6222345972948,-0.318355689398294,-10.89818988,-10.44131651,-0.456873372,-9.73676866558969,-10.0511078850197,0.314339219430046,-10.5461397593217,-10.4543646259394,-0.0917751337823002
"64",64,163,"alternating",63,"shortIndefinite","Maria phoned a woman a request.","Maria phoned a request to a woman.",-11.611053531777,-11.1370271403163,-0.474026391460731,-10.8165489761118,-10.576623494309,-0.239925481802736,-11.7785384192182,-11.3373696056042,-0.441168813614015,-11.62256827,-10.57958758,-1.042980693,-10.6339451793828,-9.84523097601011,-0.788714203372681,-11.2925308752979,-10.6951677592479,-0.597363116650032
"65",65,165,"alternating",65,"longIndefinite","John flung a woman wearing a hat an apple.","John flung an apple to a woman wearing a hat.",-9.20157083075044,-9.67879258969802,0.477221758947579,-8.94925713115669,-9.94493693735135,0.99567980619466,-8.91655237777411,-9.47579071241088,0.559238334636778,-8.51346403,-8.634961968,0.121497938,-7.74972671288735,-9.85953069537359,2.10980398248624,-8.66611421651372,-9.51880258056677,0.852688364053051
"66",66,165,"alternating",65,"shortIndefinite","Linda flung a man an apple.","Linda flung an apple to a man.",-9.6536219576229,-9.65772024484087,0.00409828721796401,-10.2640636649152,-10.1699721663406,-0.0940914985746168,-8.98598998354869,-9.54542946377902,0.559439480230326,-9.765843854,-10.91583524,1.149991384,-8.66377638330312,-9.50762158329325,0.843845199990138,-9.46665916867798,-9.95931573965074,0.492656570572762
"67",67,167,"alternating",67,"longIndefinite","Alice chucked a woman who was wearing a hat a bag.","Alice chucked a bag to a woman who was wearing a hat.",-9.85221259686753,-10.0776815767454,0.225468979877855,-10.1130399398458,-10.0367674621768,-0.076272477669006,-9.9645589311553,-9.73746332628291,-0.227095604872387,-10.29334289,-10.65631679,0.362973903,-10.7206630076315,-10.6411690545879,-0.0794939530435368,-10.1887634731,-10.2298796419586,0.0411161694585849
"68",68,167,"alternating",67,"shortIndefinite","Juan chucked a woman a bag.","Juan chucked a bag to a woman.",-10.2725742186786,-10.3887943200736,0.116220101394953,-9.96912136168926,-9.5857452088757,-0.383376152813556,-10.4775080488749,-9.46121604125753,-1.01629200761734,-9.80033118,-9.719089761,-0.081241418,-9.86065306303968,-9.84700633556439,-0.0136467274752885,-10.0760375744565,-9.80037033335424,-0.275667240902247
"69",69,169,"alternating",69,"longIndefinite","John repaid a woman from work some money.","John repaid some money to a woman from work.",-8.88053881809684,-9.50387217023744,0.623333352140602,-10.6722833274417,-10.266926408515,-0.405356918926719,-8.84957681100732,-9.62042606486651,0.770849253859186,-8.383987254,-8.280864157,-0.103123097,-8.53772010570816,-9.21315669401059,0.675436588302428,-9.0648212632508,-9.3770490989259,0.312227835675099
"70",70,169,"alternating",69,"shortIndefinite","Maria repaid a woman some money.","Maria repaid some money to a woman.",-8.88653405989401,-9.90220968515478,1.01567562526077,-10.3805224209279,-10.126754295709,-0.25376812521886,-7.26499173043637,-7.56293323863978,0.297941508203419,-8.998571987,-9.069712708,0.07114072,-10.0873678220785,-10.2465920834357,0.159224261357206,-9.12359760406735,-9.38164040218786,0.258042797920507
"71",71,171,"alternating",71,"longIndefinite","Alice wheeled a man wearing a hat some fruit.","Alice wheeled some fruit to a man wearing a hat.",-8.6455221973229,-8.41619617141762,-0.22932602590528,-10.5188822477509,-10.2445190770721,-0.274363170678869,-7.8958469037861,-8.05634037680107,0.160493473014966,-8.63828572,-8.534189434,-0.104096286,-10.8570973538858,-9.55122356381334,-1.30587379007241,-9.31112688454914,-8.96049372462082,-0.350633159928319
"72",72,171,"alternating",71,"shortIndefinite","Mary wheeled a man some fruit.","Mary wheeled some fruit to a man.",-8.39336378967903,-8.34795775731701,-0.0454060323620169,-9.6861253196415,-9.49165891983523,-0.194466399806272,-8.4818148513746,-8.53595689065815,0.0541420392835583,-8.529108507,-8.478626886,-0.05048162,-8.69893750342155,-8.50709115923129,-0.191846344190267,-8.75786999422334,-8.67225832260834,-0.0856116714149996
"73",73,173,"alternating",73,"longIndefinite","John hurled a woman from work a ball.","John hurled a ball to a woman from work.",-10.0605205913688,-9.96059717901018,-0.0999234123586206,-10.6604110154377,-10.0017864829164,-0.658624532521314,-11.40122919513,-10.513897381389,-0.887331813741003,-8.563589872,-8.33157135,-0.232018523,-9.85140232010655,-10.1325467747059,0.281144454599364,-10.1074305988086,-9.78807983360431,-0.319350765404315
"74",74,173,"alternating",73,"shortIndefinite","Linda hurled a man a ball.","Linda hurled a ball to a man.",-10.8603215511285,-10.1726628506129,-0.687658700515618,-11.1582793732463,-10.4877607097811,-0.670518663465183,-11.3069406759828,-10.6607373365928,-0.646203339390022,-9.966592389,-9.79945832,-0.167134068,-10.4486631405686,-11.0061542393978,0.557491098829139,-10.7481594259852,-10.4253546912769,-0.322804734508337
"75",75,175,"alternating",75,"longIndefinite","Bob faxed a woman who was from work a form.","Bob faxed a form to a woman who was from work.",-10.6305107882378,-9.95833860029199,-0.672172187945799,-10.0057598714455,-9.05019916610443,-0.955560705341076,-11.388325125286,-9.91805805183965,-1.4702670734463,-10.18928735,-10.11749356,-0.071793791,-10.4512061722609,-9.54420595928286,-0.907000212978083,-10.533017861446,-9.71765906750379,-0.815358794142252
"76",76,175,"alternating",75,"shortIndefinite","John faxed a woman a form.","John faxed a form to a woman.",-10.0485223339657,-9.5432467227343,-0.505275611231417,-10.0509511166779,-8.39937341016661,-1.65157770651126,-11.4137936711672,-9.5715478283872,-1.84224584278004,-8.481773787,-8.517778404,0.036004617,-8.89925455372778,-9.42071998944603,0.521465435718248,-9.77885909250772,-9.09053327094683,-0.688325821560893
"77",77,177,"alternating",77,"longIndefinite","Michael telephoned a man from work some news.","Michael telephoned some news to a man from work.",-10.2832266930098,-10.9787397194242,0.695513026414428,-9.66464881372577,-9.46799780540555,-0.196651008320229,-10.5992340261229,-10.133882345421,-0.4653516807019,-8.652292724,-8.783270605,0.130977881,-10.0431415352073,-9.39680571262224,-0.646335822585026,-9.84850875841314,-9.7521392375746,-0.0963695208385456
"78",78,177,"alternating",77,"shortIndefinite","Maria telephoned a man some news.","Maria telephoned some news to a man.",-9.85230231002424,-10.0713005100671,0.218998200042845,-9.0768016013904,-9.10428986361517,0.0274882622247681,-9.7444071532907,-9.65747481049208,-0.0869323427986206,-6.921791115,-7.017434956,0.095643841,-9.12827079365972,-9.41467362643865,0.286402832778933,-8.94471459467301,-9.0530347533226,0.108320158649585
"79",79,179,"alternating",79,"longIndefinite","John heaved a man who was wearing a hat a ball.","John heaved a ball to a man who was wearing a hat.",-9.3623011057089,-9.56171276257108,0.19941165686218,-10.1647061422768,-10.0376847987741,-0.127021343502705,-10.0070659804861,-10.4811280794487,0.47406209896258,-8.54259323,-8.240995874,-0.301597356,-10.3772883509357,-10.4813302721214,0.104041921185704,-9.6907909618815,-9.76057035738305,0.069779395501552
"80",80,179,"alternating",79,"shortIndefinite","Mary heaved a man a ball.","Mary heaved a ball to a man.",-10.7048814552477,-10.2617738946018,-0.443107560645927,-10.2149997438774,-9.77958349681002,-0.435416247067423,-10.2134110811177,-9.94220692238189,-0.271204158735816,-7.933176232,-9.135541816,1.202365584,-8.73414494056802,-8.89504715766331,0.160902217095291,-9.56012269056217,-9.6028306574914,0.042707966929225
"81",81,181,"alternating",81,"longIndefinite","Mary slung a man who was wearing a hat a glance.","Mary slung a glance to a man who was wearing a hat.",-9.19706893566342,-9.93920748154688,0.742138545883467,-9.80869029605905,-10.009825946666,0.201135650606904,-10.1215087530584,-10.2436256726669,0.122116919608505,-9.575121126,-9.664417865,0.089296738,-8.91679594895778,-9.06285782916505,0.14606188020727,-9.52383701194773,-9.78398695900896,0.260149946861229
"82",82,181,"alternating",81,"shortIndefinite","Bob slung a man a glance.","Bob slung a glance to a man.",-9.97817953569421,-11.2412142569338,1.26303472123959,-11.0545942079285,-11.4607312904683,0.406137082539857,-11.107767110972,-11.3724436541118,0.264676543139862,-9.633216149,-9.932477201,0.299261052,-9.77071446246156,-10.4010748795833,0.630360417121736,-10.3088942932112,-10.8815882564194,0.572693963208209
"83",83,183,"alternating",83,"longIndefinite","Linda loaned a man from work some equipment.","Linda loaned some equipment to a man from work.",-9.16362043289585,-9.27328152753462,0.109661094638767,-10.1011407200934,-9.81763082499393,-0.283509895099517,-8.07393667257213,-8.14039352305064,0.0664568504785041,-8.673904543,-8.541751297,-0.132153246,-9.38982533567023,-9.25479003633999,-0.135035299330243,-9.08048554084633,-9.00556944178384,-0.0749160990624976
"84",84,183,"alternating",83,"shortIndefinite","John loaned a man some equipment.","John loaned some equipment to a man.",-9.89585345443741,-9.89556343933495,-0.000290015102464736,-11.0151014639884,-10.0456505429746,-0.969450921013809,-10.2916822464175,-9.84732838062466,-0.444353865792797,-7.953282802,-8.041426375,0.088143573,-10.4263602566816,-9.9941269093121,-0.432233347369513,-9.91645604470498,-9.56481912944926,-0.351636915255717
"85",85,185,"alternating",85,"longIndefinite","Alice ceded a woman wearing a hat a case.","Alice ceded a case to a woman wearing a hat.",-9.92905541404415,-9.86296552698337,-0.0660898870607838,-10.0118714232086,-10.5930423415205,0.581170918311889,-10.0381085648829,-10.4957753645481,0.457666799665237,-9.059124795,-9.886135228,0.827010433,-10.529539213563,-10.8751911089499,0.345651895386922,-9.91353988213972,-10.3426219140004,0.429082031860653
"86",86,185,"alternating",85,"shortIndefinite","Michael ceded a man a case.","Michael ceded a case to a man.",-10.7254420808376,-10.352041290687,-0.373400790150583,-10.2427264436779,-10.584037140167,0.341310696489098,-10.338860221583,-10.3624777347206,0.0236175131375163,-10.02551209,-10.9078731,0.882361011,-10.2744362185976,-10.1386460701265,-0.135790148471148,-10.3213954109392,-10.4690150671402,0.147619656400976
"87",87,187,"alternating",87,"longIndefinite","Mary lugged a woman from work some groceries.","Mary lugged some groceries to a woman from work.",-10.5172317292943,-9.35595040521358,-1.16128132408075,-10.5178718475551,-9.86978762039421,-0.648084227160918,-10.2924397157089,-10.0807512068579,-0.211688508850994,-10.14175312,-9.706504684,-0.435248435,-8.86128546554996,-8.74583552646392,-0.115449939086044,-10.0661163756217,-9.55176588858593,-0.514350486835741
"88",88,187,"alternating",87,"shortIndefinite","Mary lugged a woman some groceries.","Mary lugged some groceries to a woman.",-10.4918639533852,-9.22634192094625,-1.26552203243893,-10.3196810621662,-9.71409621560133,-0.605584846564831,-10.4972319820371,-9.95928367266045,-0.537948309376624,-9.970338472,-9.625185455,-0.345153017,-8.7269117452912,-8.63122067346669,-0.0956910718245041,-10.0012054429759,-9.43122558753495,-0.569979855440979
"89",89,189,"alternating",89,"longIndefinite","Linda bused a team from work some instruments.","Linda bused some instruments to a team from work.",-9.76936314219416,-9.22915904068029,-0.540204101513865,-9.71095142957089,-9.57082384516122,-0.140127584409676,-9.58050203144147,-9.51411265634601,-0.0663893750954507,-9.309986894,-9.320112712,0.010125817,-11.0353976130842,-10.4369978586525,-0.598399754431719,-9.88124022205814,-9.614241222568,-0.266998999690142
"90",90,189,"alternating",89,"shortIndefinite","Mary bused a team some instruments.","Mary bused some instruments to a team.",-9.20179330951021,-8.9774413463809,-0.224351963129312,-8.91479935091469,-8.93182017520647,0.0170208242917766,-9.81963857402178,-9.52318294461094,-0.296455629410843,-9.244805431,-9.234085358,-0.010720073,-8.80709591636009,-8.75251231205103,-0.0545836043090606,-9.19762651636136,-9.08380842724987,-0.113818089111488
"91",91,191,"alternating",91,"longIndefinite","Bob carted a team from work some books.","Bob carted some books to a team from work.",-9.31248542479373,-9.81922748490388,0.506742060110147,-10.5759867846712,-10.2712171396681,-0.304769645003093,-9.70083229712071,-9.66222704020063,-0.0386052569200785,-9.756711006,-9.605447694,-0.151263312,-10.4458633349715,-10.1859883074352,-0.259875027536305,-9.95837576951142,-9.90882153324155,-0.0495542362698659
"92",92,191,"alternating",91,"shortIndefinite","Maria carted a team some books.","Maria carted some books to a team.",-9.4588433441707,-9.76627928068584,0.307435936515144,-10.7130420085545,-10.088872785982,-0.624169222572503,-10.7245039405229,-9.82293505411423,-0.901568886408707,-9.329304399,-10.0150262,0.685721804,-10.5346705721713,-10.4879825627057,-0.0466880094655711,-10.1520728528839,-10.0362191766976,-0.115853675586327
"93",93,193,"alternating",93,"longIndefinite","Maria punted a woman who was wearing a hat a ball.","Maria punted a ball to a woman who was wearing a hat.",-9.97318584824468,-9.1572985693196,-0.815887278925075,-10.0766064277433,-9.83977864290359,-0.236827784839743,-10.4402260190429,-9.88365158985366,-0.556574429189247,-10.60952053,-9.154397433,-1.455123095,-10.3209156860005,-10.5253194386902,0.204403752689661,-10.2840909022063,-9.71208913475341,-0.572001767052881
"94",94,193,"alternating",93,"shortIndefinite","John punted a woman a ball.","John punted a ball to a woman.",-9.91837823094667,-9.44144968851294,-0.476928542433734,-10.7551229911724,-10.1408283022905,-0.614294688881849,-10.6463148890692,-10.1171467790373,-0.529168110031858,-7.91581235,-8.25156888,0.33575653,-9.41536261859054,-10.4068303584749,0.99146773988439,-9.73019821595575,-9.67156480166314,-0.0586334142926101
"95",95,195,"alternating",95,"longIndefinite","John bequeathed a man wearing a hat a portrait.","John bequeathed a portrait to a man wearing a hat.",-9.06347571265206,-9.0246496566414,-0.0388260560106506,-9.24036594845183,-9.86700418546281,0.62663823701098,-9.56363114428458,-9.6061902375861,0.0425590933015165,-8.527265059,-8.606047398,0.078782338,-10.2133551823585,-10.3001333906064,0.0867782082478499,-9.3216186093494,-9.48080497365934,0.159186364109939
"96",96,195,"alternating",95,"shortIndefinite","Linda bequeathed a man a portrait.","Linda bequeathed a portrait to a man.",-9.18138222273346,-9.12757963744032,-0.0538025852931483,-8.97463851535573,-9.89508158373599,0.920443068380255,-9.30427459924036,-9.55895303537047,0.254678436130112,-9.401519912,-10.0245662,0.623046284,-9.58180297209322,-9.79250283372442,0.210699861631198,-9.28872364428456,-9.67973665805424,0.391013012969683
"97",97,197,"alternating",97,"longIndefinite","Alice cabled a man from work some directions.","Alice cabled some directions to a man from work.",-10.3047746812685,-9.2565414567533,-1.04823322451523,-10.6285761389685,-10.1197030852311,-0.508873053737421,-10.3062599474188,-10.5395700535968,0.233310106177919,-10.3907027,-9.250019846,-1.140682851,-9.72072689396424,-10.0237512550837,0.303024361119446,-10.270208072324,-9.83791713933297,-0.432290932391058
"98",98,197,"alternating",97,"shortIndefinite","Bob cabled a man some directions.","Bob cabled some directions to a man.",-10.745509889419,-9.44621045455747,-1.29929943486155,-9.91074587704608,-9.6786755216884,-0.23207035535768,-10.9363362812258,-10.6598417484924,-0.276494532733304,-10.17543097,-9.349780133,-0.825650837,-9.75680373452176,-9.46155510921365,-0.295248625308114,-10.3049653504425,-9.71921259339039,-0.585752757052129
"99",99,199,"alternating",99,"longIndefinite","Michael catapulted a man who was wearing a hat a container.","Michael catapulted a container to a man who was wearing a hat.",-9.59152836159684,-8.65194780724405,-0.939580554352782,-10.4142464312706,-9.84134556895946,-0.572900862311174,-9.61077706614468,-10.3330326497151,0.722255583570377,-9.852546466,-8.261748968,-1.590797498,-10.5691370316846,-9.10703295293604,-1.46210407874852,-10.0076470713393,-9.23902158937092,-0.76862548196842
"100",100,199,"alternating",99,"shortIndefinite","Alice catapulted a woman a container.","Alice catapulted a container to a woman.",-8.78136143845583,-7.34762154212742,-1.43373989632841,-10.4328407884257,-9.90724454919739,-0.525596239228285,-10.7921243562005,-9.71053505436126,-1.08158930183924,-9.088488165,-8.979931105,-0.10855706,-8.65434055255628,-8.25192093687332,-0.402419615682964,-9.54983106012766,-8.83945063751188,-0.71038042261578
"101",101,1,"non-alternating",1,"longIndefinite","John said a woman from work a word.","John said a word to a woman from work.",-10.3877109242529,-9.66823815916358,-0.719472765089275,-10.3396480174995,-9.60895085626492,-0.730697161234549,-11.029562513891,-10.4274255639274,-0.602136949963549,-8.377773019,-8.499368497,0.121595478,-9.8032900268441,-10.6136152713121,0.810325244467982,-9.98759690029748,-9.7635196695336,-0.224077230763878
"102",102,1,"non-alternating",1,"shortIndefinite","Michael said a man a word.","Michael said a word to a man.",-10.9012699156627,-10.4117276994427,-0.489542216220082,-8.4641850994439,-10.6233105907061,2.15912549126219,-10.3726441959466,-10.9736049762365,0.600960780289894,-10.45092784,-11.22842986,0.777502015,-10.6650847977537,-10.7317035312956,0.0666187335418673,-10.1708223697614,-10.7937553315362,0.622932960774774
"103",103,3,"non-alternating",3,"longIndefinite","Michael reported a man who was from work some numbers.","Michael reported some numbers to a man who was from work.",-10.2413140138889,-9.63652763761292,-0.604786376276031,-10.7855219426505,-10.4415961359513,-0.343925806699197,-10.1062909856439,-10.1140492571537,0.00775827150980746,-9.854911711,-9.541384644,-0.313527068,-10.1198391234144,-10.2963133919317,0.176474268517346,-10.2215755553195,-10.0059742133299,-0.215601342189615
"104",104,3,"non-alternating",3,"shortIndefinite","John reported a woman some numbers.","John reported some numbers to a woman.",-10.1677500358394,-10.0159943102399,-0.151755725599456,-10.8668369912164,-10.2274010194369,-0.639435971779516,-10.9644102866656,-10.2775631902647,-0.686847096400866,-8.345417631,-8.387532131,0.042114501,-10.2857328103107,-10.5390049251592,0.253272114848576,-10.1260295510064,-9.88949911522016,-0.236530435586252
"105",105,5,"non-alternating",5,"longIndefinite","Alice raised a man from work a bucket.","Alice raised a bucket to a man from work.",-10.2397421901993,-10.7373120100649,0.497569819865598,-10.060395797975,-11.6754494510297,1.61505365305478,-10.6943681786635,-10.6680928343673,-0.0262753442962094,-10.05870821,-10.62315312,0.564444906,-8.64537055823022,-10.5412440453509,1.89587348712066,-9.9397169870136,-10.8490502921626,0.909333304348967
"106",106,5,"non-alternating",5,"shortIndefinite","Maria raised a man a bucket.","Maria raised a bucket to a man.",-12.572047771728,-11.9039720285512,-0.668075743176733,-11.5166314043752,-11.9381945558085,0.421563151433311,-10.3342229198335,-10.9255817328441,0.59135881301056,-8.653587098,-10.21978785,1.56620075,-9.76487380151405,-10.0481117525282,0.283237951014183,-10.5682725990902,-11.0071295839464,0.438856984456264
"107",107,7,"non-alternating",7,"longIndefinite","Mary described a man wearing a hat a headline.","Mary described a headline to a man wearing a hat.",-9.60977444082096,-9.81500708396055,0.205232643139594,-9.7640445549064,-9.59860574914647,-0.165438805759935,-8.73783612285027,-9.4573317910897,0.71949566823943,-9.360953105,-8.728385739,-0.632567366,-8.91022560637855,-8.8807509761197,-0.0294746302588411,-9.27656676599124,-9.29601626786329,0.0194495018720495
"108",108,7,"non-alternating",7,"shortIndefinite","Alice described a woman a headline.","Alice described a headline to a woman.",-9.52367565341723,-9.90013482814723,0.376459174730002,-11.1038531083183,-11.3879012040435,0.284048095725192,-8.07426663331812,-9.63001183678089,1.55574520346277,-9.206157231,-8.479679887,-0.726477344,-10.8147759072547,-10.3958670530114,-0.418908854243259,-9.74454570666167,-9.95871896179661,0.21417325513494
"109",109,9,"non-alternating",9,"longIndefinite","Mary stated a woman wearing a hat an idea.","Mary stated an idea to a woman wearing a hat.",-8.87570282747809,-8.74331968333866,-0.132383144139432,-8.05444086087233,-8.97602458786418,0.921583726991846,-7.84082073915066,-9.08556978202193,1.24474904287127,-8.695802205,-8.817245764,0.121443558,-6.98693386375626,-8.68992991014704,1.70299604639078,-8.09074009925147,-8.86241794547436,0.771677846022893
"110",110,9,"non-alternating",9,"shortIndefinite","Bob stated a woman an idea.","Bob stated an idea to a woman.",-8.592760512501,-8.71171191984133,0.118951407340333,-8.59069996907368,-8.81525375180231,0.224553782728632,-8.34756366242188,-9.49915793065688,1.151594268235,-7.116936635,-8.324311192,1.207374557,-8.1510673568321,-9.19433909779934,1.04327174096724,-8.15980562716573,-8.90895477841997,0.749149151254241
"111",111,11,"non-alternating",11,"longIndefinite","Juan presented a woman from work a painting.","Juan presented a painting to a woman from work.",-10.4433284925288,-9.50570120155897,-0.937627290969807,-8.5879975099654,-9.69784593544003,1.10984842547463,-10.2196198347619,-9.55283374003811,-0.666786094723768,-8.558223163,-9.596442376,1.038219213,-8.83133176984898,-9.51018643688851,0.678854667039536,-9.32810015402101,-9.57260193798513,0.244501783964118
"112",112,11,"non-alternating",11,"shortIndefinite","Alice presented a man a painting.","Alice presented a painting to a man.",-9.87830988692357,-9.53981395950342,-0.33849592742015,-9.65122868570611,-9.95642592961903,0.305197243912925,-8.91602850112213,-10.0135015079664,1.09747300684426,-9.781678087,-10.34850705,0.566828961,-9.63579829524755,-10.1995827228208,0.563784427573291,-9.57260869119987,-10.0115662339819,0.438957542382065
"113",113,13,"non-alternating",13,"longIndefinite","Bob addressed a man wearing a hat a message.","Bob addressed a message to a man wearing a hat.",-9.07662240531675,-8.94727605354895,-0.129346351767802,-8.68180907954415,-9.55449333530972,0.872684255765575,-9.41710463466421,-10.0364733006174,0.619368665953147,-8.672349597,-9.003093221,0.330743623,-9.76460027821708,-9.98729796816697,0.222697689949895,-9.12249719894844,-9.5057267757286,0.383229576580163
"114",114,13,"non-alternating",13,"shortIndefinite","Alice addressed a woman a message.","Alice addressed a message to a woman.",-9.95719806948197,-8.78092303726762,-1.17627503221435,-9.08424697174691,-9.65822238613625,0.573975414389341,-9.15195579946656,-8.7874513417587,-0.364504457707858,-9.018376733,-9.816516508,0.798139775,-10.4679409254729,-9.56332225567127,-0.904618669801602,-9.53594369983366,-9.32128710576677,-0.214656594066893
"115",115,15,"non-alternating",15,"longIndefinite","Alice admitted a man who was wearing a hat a slip-up.","Alice admitted a slip-up to a man who was wearing a hat.",-9.68028658459888,-10.1172366756825,0.436950091083602,-10.3539278978808,-10.1038298748098,-0.250098023070986,-9.9552053738803,-10.4728910182822,0.51768564440189,-10.35131575,-9.853456756,-0.497858989,-9.08717545955645,-10.6605499911718,1.57337453161539,-9.88558221318328,-10.2415928631893,0.356010651005979
"116",116,15,"non-alternating",15,"shortIndefinite","Alice admitted a woman a slip-up.","Alice admitted a slip-up to a woman.",-10.3505719885996,-10.4644144832465,0.113842494646907,-10.1230330657862,-10.3887144284563,0.265681362670042,-10.0859968353974,-10.9942108283208,0.908213992923388,-11.55993872,-10.03855238,-1.521386336,-10.4908251722054,-10.62381989696,0.132994724754511,-10.5220731563977,-10.5019424033967,-0.0201307522010305
"117",117,17,"non-alternating",17,"longIndefinite","Bob announced a woman who was from work some new results.","Bob announced some new results to a woman who was from work.",-9.82782706782351,-8.68826365029564,-1.13956341752787,-10.3846240066798,-9.12615882888335,-1.2584651777965,-10.3649732877376,-10.0572667667225,-0.307706521015097,-9.473660249,-9.27637472,-0.197285529,-10.0307098393422,-8.68930369210063,-1.3414061472416,-10.0163588901166,-9.16747353160041,-0.848885358516213
"118",118,17,"non-alternating",17,"shortIndefinite","Maria announced a man some new results.","Maria announced some new results to a man.",-9.80147991627462,-8.37304816006806,-1.42843175620656,-10.5815647766785,-8.93229767823562,-1.64926709844286,-10.5594411391822,-9.83001180938431,-0.729429329797879,-10.61209361,-9.28020028,-1.331893335,-9.97741039832192,-8.08228675801455,-1.89512364030737,-10.3063979680914,-8.89956893714051,-1.40682903195093
"119",119,19,"non-alternating",19,"longIndefinite","Juan expressed a man who was wearing a hat a thought.","Juan expressed a thought to a man who was wearing a hat.",-9.97522071686459,-9.66901964103358,-0.306201075831012,-9.72105601760688,-9.79485086788224,0.0737948502753607,-10.1459150718618,-10.1336199074593,-0.0122951644024916,-9.541240673,-9.291925796,-0.249314877,-9.81678071461532,-9.66322320903789,-0.153557505577428,-9.84004263878971,-9.7105278842826,-0.129514754507114
"120",120,19,"non-alternating",19,"shortIndefinite","Michael expressed a woman a thought.","Michael expressed a thought to a woman.",-11.2708443059897,-10.1907230020227,-1.08012130396706,-11.6771858662618,-9.56376450777366,-2.11342135848814,-11.9446125400334,-10.6969017905026,-1.24771074953081,-11.37886987,-10.42607946,-0.952790409,-10.2579513433155,-10.0371159109542,-0.220835432361348,-11.3058927851201,-10.1829169342506,-1.12297585066947
"121",121,21,"non-alternating",21,"longIndefinite","Michael contributed a woman who was from work some food.","Michael contributed some food to a woman who was from work.",-10.2754050143618,-9.77541297207689,-0.499992042284951,-9.8937123517788,-10.2830537932623,0.389341441483475,-10.0441600912957,-10.3597483061215,0.315588214825853,-10.45004286,-10.41428757,-0.035755297,-9.84726963777562,-10.3321343801279,0.484864742352324,-10.1021179910424,-10.2329274043177,0.13080941187534
"122",122,21,"non-alternating",21,"shortIndefinite","Maria contributed a man some food.","Maria contributed some food to a man.",-9.55361118046844,-9.74281190155776,0.189200721089327,-9.90190866613369,-10.1802283112143,0.278319645080593,-11.0095402326033,-9.90625127265685,-1.10328895994647,-11.03393549,-10.24814728,-0.785788211,-9.91447791650677,-10.479190867854,0.5647129513472,-10.2826946971424,-10.1113259266566,-0.171368770685871
"123",123,23,"non-alternating",23,"longIndefinite","Bob recommended a woman wearing a hat a band.","Bob recommended a band to a woman wearing a hat.",-9.86610572061774,-9.53105313270511,-0.335052587912626,-9.12380805709864,-9.57254062771414,0.448732570615494,-8.88499627109839,-9.09673373958668,0.211737468488295,-8.339917708,-9.078244728,0.738327019,-9.98131945713563,-10.256617484133,0.275298026997401,-9.23922944279008,-9.50703794242779,0.267808499437713
"124",124,23,"non-alternating",23,"shortIndefinite","Maria recommended a woman a band.","Maria recommended a band to a woman.",-10.6231655945982,-10.1751700209106,-0.447995573687626,-10.5404738308168,-10.3684839865143,-0.171989844302461,-9.8516118642186,-9.37820977153012,-0.473402092688483,-10.06211341,-9.894652632,-0.167460779,-10.0965843052925,-9.87455547212645,-0.222028833166092,-10.2347898009852,-9.93821437661629,-0.296575424568932
"125",125,25,"non-alternating",25,"longIndefinite","Michael repeated a man wearing a hat some words.","Michael repeated some words to a man wearing a hat.",-9.41183144087732,-9.76166383609715,0.349832395219831,-9.60934035228319,-9.70700909937078,0.0976687470875888,-9.23372577638207,-9.90465108688845,0.670925310506378,-9.740415222,-9.183179847,-0.557235375,-9.70266937918056,-9.97953292411646,0.276863544935896,-9.53959643414463,-9.70720735869457,0.167610924549939
"126",126,25,"non-alternating",25,"shortIndefinite","Alice repeated a woman some words.","Alice repeated some words to a woman.",-10.5704589940027,-10.2436196836306,-0.326839310372012,-8.70972483957043,-8.70091477368601,-0.00881006588441657,-8.98116642156826,-9.3774762170145,0.396309795446239,-9.470625232,-9.534545206,0.063919974,-9.94673002869222,-10.1266541800539,0.179924151361671,-9.53574110316671,-9.59664201207701,0.0609009089102963
"127",127,27,"non-alternating",27,"longIndefinite","John proposed a woman from work an idea.","John proposed an idea to a woman from work.",-9.50976153754814,-9.01784249563044,-0.491919041917701,-9.1428392334804,-9.18527211872005,0.0424328852396503,-8.06521930556855,-9.62662312171133,1.56140381614278,-7.86744208,-8.203161015,0.335718935,-8.19535255232394,-9.7692325354077,1.57387998308376,-8.55612294178421,-9.1604262572939,0.604303315509697
"128",128,27,"non-alternating",27,"shortIndefinite","Mary proposed a man an idea.","Mary proposed an idea to a man.",-8.66555392585516,-9.31113178042403,0.645577854568865,-8.43542858349141,-9.2130785287369,0.777649945245487,-8.58371877194701,-9.59731657629524,1.01359780434823,-8.855542613,-9.260434735,0.404892122,-8.24775769138647,-8.53099237137345,0.283234679986975,-8.55760031713601,-9.18259079836592,0.624990481229912
"129",129,29,"non-alternating",29,"longIndefinite","Michael displayed a man wearing a hat a photograph.","Michael displayed a photograph to a man wearing a hat.",-9.46805476018104,-9.98490745144492,0.51685269126388,-9.90867670108814,-10.2868462341899,0.378169533101769,-10.0074666556195,-10.5603063427,0.552839687080489,-9.621384049,-9.820475887,0.199091838,-10.2509322253134,-10.6369440206234,0.38601179530993,-9.85130287824043,-10.2578959871916,0.406593108951213
"130",130,29,"non-alternating",29,"shortIndefinite","Juan displayed a man a photograph.","Juan displayed a photograph to a man.",-10.9202575849073,-11.1061301634588,0.185872578551457,-9.94033347704131,-10.2289562649476,0.28862278790629,-9.16078508329808,-11.4344791090824,2.2736940257843,-8.910525156,-9.736402893,0.825877738,-9.59484071542187,-9.74295497965296,0.148114264231094,-9.70534840333372,-10.4497846820283,0.744436278894627
"131",131,31,"non-alternating",31,"longIndefinite","Maria shouted a woman wearing a hat a name.","Maria shouted a name to a woman wearing a hat.",-10.385094891796,-10.0259236383872,-0.359171253408721,-9.99088554076452,-10.3032678124009,0.312382271636428,-10.4608130251214,-10.5091401816149,0.0483271564934995,-10.37072439,-10.35298861,-0.01773578,-10.7369875459556,-11.2229527283379,0.485965182382234,-10.3889010787275,-10.4828545941482,0.0939535154206881
"132",132,31,"non-alternating",31,"shortIndefinite","Linda shouted a man a name.","Linda shouted a name to a man.",-11.1395321471142,-10.8632312297177,-0.276300917396505,-10.4851185723295,-11.4607437544907,0.975625182161226,-11.6471947678821,-11.3871846802713,-0.260010087610775,-10.93208425,-11.3299846,0.397900353,-10.1153179548577,-11.5240141248516,1.40869616999386,-10.8638495384367,-11.3130316778663,0.449182140029561
"133",133,33,"non-alternating",33,"longIndefinite","John yelled a woman from work some directions.","John yelled some directions to a woman from work.",-10.3402367189944,-9.50620431916132,-0.834032399833101,-11.9096928828476,-10.6215333411925,-1.28815954165507,-10.9222578858376,-11.1020382480028,0.17978036216526,-8.506425466,-8.482419372,-0.024006094,-10.410336391461,-10.5918659382303,0.181529546769346,-10.4177898690281,-10.0608122437174,-0.356977625310712
"134",134,33,"non-alternating",33,"shortIndefinite","Maria yelled a man some directions.","Maria yelled some directions to a man.",-11.298715784314,-9.5877148773792,-1.71100090693476,-11.6209080100917,-10.7749709924576,-0.845937017634146,-12.23090893835,-10.7842507177643,-1.44665822058565,-11.37662599,-9.587544613,-1.78908138,-9.92728431306791,-10.616275910679,0.688991597611111,-11.2908886071647,-10.270151422256,-1.02073718550869
"135",135,35,"non-alternating",35,"longIndefinite","Linda communicated a woman from work a point.","Linda communicated a point to a woman from work.",-11.7617745904624,-10.2553997400248,-1.50637485043758,-11.225998479975,-10.1892351063549,-1.03676337362008,-11.7691218858137,-11.2627081617515,-0.506413724062231,-10.27369963,-9.159766541,-1.113933093,-10.2579546043684,-8.21433587445436,-2.04361872991409,-11.0577098381239,-9.81628908471711,-1.2414207542068
"136",136,35,"non-alternating",35,"shortIndefinite","Juan communicated a man a point.","Juan communicated a point to a man.",-10.6580272605067,-10.5455354829642,-0.112491777542461,-10.3894479281791,-10.3774572995465,-0.011990628632562,-10.6493859814629,-11.4942126488537,0.844826667390846,-9.80959983,-9.091432929,-0.7181669,-9.39583149604185,-8.59268045914873,-0.803151036893121,-10.1804584992381,-10.0202637639026,-0.16019473513546
"137",137,37,"non-alternating",37,"longIndefinite","John restored a woman who was wearing a hat some money.","John restored some money to a woman who was wearing a hat.",-8.83967315991072,-9.63910775063165,0.79943459072093,-9.27515551089558,-9.92558445678115,0.650428945885571,-9.40436217861237,-9.65245548240311,0.248093303790743,-8.397465846,-8.619685401,0.222219555,-8.702149100954,-9.32191849872094,0.619769397766936,-8.92376115927454,-9.43175031790737,0.507989158632836
"138",138,37,"non-alternating",37,"shortIndefinite","Bob restored a man some money.","Bob restored some money to a man.",-10.0920603780563,-10.4028596314044,0.31079925334801,-10.1841680219133,-9.56184907078292,-0.622318951130405,-9.40477394096884,-9.74285222031749,0.338078279348654,-9.741977012,-10.08187036,0.339893345,-7.93146818665672,-9.03686564668088,1.10539746002416,-9.47088950791905,-9.76525938583713,0.294369877318084
"139",139,39,"non-alternating",39,"longIndefinite","John snapped a man who was wearing a hat a comment.","John snapped a comment to a man who was wearing a hat.",-9.30174625464359,-9.5610900894585,0.259343834814905,-10.2390687784332,-10.4867782684769,0.247709490043658,-10.3573016695682,-10.5687524560748,0.211450786506617,-8.685559135,-8.68314958,-0.002409554,-10.4643462671817,-10.4888757392918,0.0245294721101068,-9.80960442096534,-9.9577292266604,0.148124805895057
"140",140,39,"non-alternating",39,"shortIndefinite","Michael snapped a man a comment.","Michael snapped a comment to a man.",-10.8755806283289,-10.6392475499897,-0.236333078339165,-9.55605196869702,-11.4799356236795,1.92388365498244,-10.6896476897127,-11.6066753668075,0.917027677094806,-12.18450851,-12.13842621,-0.046082294,-10.0469838540045,-10.3541757839169,0.307191929912371,-10.6705545301486,-11.2436921068787,0.57313757793009
"141",141,41,"non-alternating",41,"longIndefinite","John distributed a team from work some books.","John distributed some books to a team from work.",-9.16082353838819,-9.5423073898656,0.381483851477403,-9.90338334953164,-9.6477243391182,-0.255659010413437,-10.1490908315129,-10.2193064909459,0.0702156594329271,-7.586377053,-7.683097232,0.096720179,-10.28558388099,-10.3876277200988,0.102043839108775,-9.41705173068455,-9.49601263440568,0.0789609037211338
"142",142,41,"non-alternating",41,"shortIndefinite","Linda distributed a team some books.","Linda distributed some books to a team.",-8.64071172347942,-8.89260726669092,0.251895543211504,-9.50739098150817,-9.41506292238524,-0.0923280591229236,-9.86303708353226,-10.145120488191,0.282083404658751,-9.479478442,-9.512861637,0.033383195,-10.0086581563729,-9.96249809232826,-0.0461600640446065,-9.49985527737854,-9.58563008131909,0.0857748039405449
"143",143,43,"non-alternating",43,"longIndefinite","Mary donated a team from work a painting.","Mary donated a painting to a team from work.",-8.80187961377388,-9.33782519890466,0.535945585130772,-9.62730615981545,-9.35801692997309,-0.269289229842361,-9.40624161415972,-9.30503020302269,-0.101211411137024,-8.985463061,-9.812785599,0.827322539,-8.75689518342771,-8.89293774926393,0.136042565836211,-9.11555712643535,-9.34131913603287,0.22576200979752
"144",144,43,"non-alternating",43,"shortIndefinite","Bob donated a team a painting.","Bob donated a painting to a team.",-8.82619662953356,-9.00603737882236,0.1798407492888,-8.92711726896969,-9.79528325975951,0.868165990789825,-9.20086192178417,-9.26084612237108,0.0599842005869196,-9.611837071,-9.501989335,-0.109847736,-9.90601663965615,-10.3998761866773,0.493859547021142,-9.29440590618871,-9.59280645652605,0.298400550337337
"145",145,45,"non-alternating",45,"longIndefinite","Mary administered a woman who was wearing a hat an antidote.","Mary administered an antidote to a woman who was wearing a hat.",-9.62765877424312,-8.38840530525107,-1.23925346899205,-7.84912089125654,-9.21452762454496,1.36540673328842,-8.14188991920133,-8.66225466357252,0.520364744371184,-9.603673648,-8.686198418,-0.91747523,-6.34149812440185,-8.56111722447851,2.21961910007666,-8.31276827142057,-8.70250064716941,0.389732375748842
"146",146,45,"non-alternating",45,"shortIndefinite","Bob administered a woman an antidote.","Bob administered an antidote to a woman.",-8.82146155547765,-8.70745599891805,-0.114005556559592,-8.99229164675942,-8.86932856410291,-0.122963082656513,-8.22039716092655,-8.21800695794109,-0.00239020298546855,-9.047933336,-8.685427821,-0.362505515,-8.46054857323587,-8.79886644567279,0.338317872436921,-8.7085264544799,-8.65581715752697,-0.0527092969529305
"147",147,47,"non-alternating",47,"longIndefinite","Juan conveyed a man from work a thought.","Juan conveyed a thought to a man from work.",-9.62918980106495,-10.2945677905448,0.665377989479818,-10.4787878482366,-10.4718636148217,-0.00692423341485693,-11.2175634023731,-10.8951345942197,-0.322428808153417,-9.63708738,-9.707202117,0.070114737,-9.38979304369548,-9.73918320659087,0.349390162895391,-10.070484295074,-10.2215902646354,0.151105969561387
"148",148,47,"non-alternating",47,"shortIndefinite","Alice conveyed a man a thought.","Alice conveyed a thought to a man.",-10.1256837451843,-10.0266766393027,-0.0990071058816486,-10.0158934321003,-11.0486751732156,1.03278174111531,-10.7657206697637,-10.8186013731272,0.0528807033635772,-10.06585232,-10.64292168,0.577069358,-10.3784717503438,-10.217560920764,-0.1609108295798,-10.2703243834784,-10.5508871572819,0.280562773403488
"149",149,49,"non-alternating",49,"longIndefinite","Juan blabbed a man who was wearing a hat some information.","Juan blabbed some information to a man who was wearing a hat.",-9.80443215637761,-9.83819438984985,0.0337622334722418,-9.52718720244825,-9.49146515271028,-0.03572204973797,-10.0801659449126,-10.2992596353941,0.219093690481539,-9.450962344,-9.333451747,-0.117510596,-9.90520628222979,-9.82666522491155,-0.0785410573182475,-9.75359078599365,-9.75780722997316,0.00421644417951277
"150",150,49,"non-alternating",49,"shortIndefinite","Michael blabbed a woman some information.","Michael blabbed some information to a woman.",-11.2396299757941,-10.4514844356357,-0.788145540158357,-9.43843794335096,-9.30322688060014,-0.135211062750821,-11.2947519434764,-10.8711549934678,-0.423596950008577,-10.69409132,-10.21628516,-0.477806163,-10.6099354989221,-10.0690931861087,-0.540842312813471,-10.6553693363087,-10.1822489311625,-0.473120405746245
"151",151,51,"non-alternating",51,"longIndefinite","Maria surrendered a woman wearing a hat some guns.","Maria surrendered some guns to a woman wearing a hat.",-10.2112967233123,-9.84862033767464,-0.362676385637684,-10.2771757239284,-10.3746539896349,0.0974782657064264,-10.2353983004976,-11.1951434797365,0.959745179238814,-10.59457951,-10.86467617,0.270096661,-10.9171981514195,-11.1340990378185,0.21690088639901,-10.4471296818316,-10.6834386029729,0.236308921341313
"152",152,51,"non-alternating",51,"shortIndefinite","John surrendered a woman some guns.","John surrendered some guns to a woman.",-10.1994513011097,-10.2049292514177,0.00547795030801801,-10.9052881474912,-11.4364959809387,0.531207833447521,-10.8648434226655,-11.5650245801549,0.700181157489414,-8.417567133,-8.52617199,0.108604858,-10.4146027355282,-10.627185830852,0.212583095323874,-10.1603505479589,-10.4719615266727,0.311610978913765
"153",153,53,"non-alternating",53,"longIndefinite","Bob articulated a woman from work a rule.","Bob articulated a rule to a woman from work.",-11.2732582655123,-10.2486884675795,-1.02456979793281,-10.8943346229838,-10.3781551283722,-0.516179494611604,-10.7045595841642,-9.52425624258347,-1.18030334158069,-10.19284428,-9.960276534,-0.232567749,-9.97985237557098,-10.0878497390741,0.107997363503124,-10.6089698256463,-10.0398452223219,-0.569124603924396
"154",154,53,"non-alternating",53,"shortIndefinite","Bob articulated a man a rule.","Bob articulated a rule to a man.",-11.5931703169936,-10.9620617011911,-0.631108615802493,-10.5749123257886,-11.3869521714047,0.812039845616075,-10.0572797732149,-10.3506555737497,0.293375800534807,-10.03677217,-10.3227506,0.285978427,-10.5466534181076,-10.065154532798,-0.481498885309668,-10.5617576008209,-10.6175149158287,0.0557573144077445
"155",155,55,"non-alternating",55,"longIndefinite","Linda groaned a man wearing a hat a reply.","Linda groaned a reply to a man wearing a hat.",-10.1990995599615,-9.64284554020781,-0.556254019753741,-9.84436217133667,-10.3618794377759,0.517517266439215,-10.2204850156773,-10.5900105759322,0.369525560254871,-9.88639194,-9.780788253,-0.105603687,-10.0451317942521,-10.7494728136117,0.704341019359596,-10.0390940962455,-10.2249993241055,0.185905227859988
"156",156,55,"non-alternating",55,"shortIndefinite","Alice groaned a man a reply.","Alice groaned a reply to a man.",-10.7491120641429,-10.8668467201047,0.117734655961867,-10.6274977248124,-11.1045910998874,0.477093375075013,-11.5666341886192,-11.4604656434261,-0.106168545193151,-9.657671205,-10.72800341,1.070332209,-11.1062306861727,-10.8310929373463,-0.27513774882636,-10.7414291737494,-10.9981999621529,0.256770789203474
"157",157,57,"non-alternating",57,"longIndefinite","Michael roared a woman who was from work an order.","Michael roared an order to a woman who was from work.",-10.5379001917483,-10.3645436863284,-0.173356505419928,-9.94176336527692,-9.17503782444205,-0.766725540834869,-9.79589407364582,-9.90747700765713,0.111582934011304,-10.23890347,-10.42951538,0.19061191,-9.51115428879556,-9.20495074032511,-0.306203548470451,-10.0051230778933,-9.81630492775053,-0.188818150142789
"158",158,57,"non-alternating",57,"shortIndefinite","Mary roared a woman an order.","Mary roared an order to a woman.",-9.96164819537107,-10.2133949229877,0.251746727616649,-8.37222054653628,-9.15522220261925,0.783001656082979,-9.61809872499821,-9.42254572450732,-0.195553000490882,-10.42284019,-10.27254352,-0.150296667,-7.51135136500028,-8.13325495197411,0.62190358697383,-9.17723180438117,-9.43939226441768,0.262160460636515
"159",159,59,"non-alternating",59,"longIndefinite","Maria recounted a woman from work some information.","Maria recounted some information to a woman from work.",-10.2702713862629,-10.4979066113955,0.227635225132602,-11.3195252876109,-10.5915090589979,-0.728016228612983,-10.8699819064077,-10.6655818371796,-0.204400069228049,-9.636226345,-10.55870361,0.922477269,-9.89193216359319,-10.6986988156725,0.806766652079267,-10.3975874177749,-10.6024799866491,0.204892569674167
"160",160,59,"non-alternating",59,"shortIndefinite","Michael recounted a man some information.","Michael recounted some information to a man.",-9.96259179254844,-10.5360391041965,0.573447311648062,-10.3960041559872,-10.7084696372066,0.312465481219382,-11.0017303431939,-11.0306878161806,0.0289574729866651,-10.49202768,-10.87407696,0.382049272,-9.85879850428393,-10.2551858067332,0.396387302449305,-10.3422304952027,-10.6808918648634,0.338661368060683
"161",161,61,"non-alternating",61,"longIndefinite","Mary denounced a man from work a law.","Mary denounced a law to a man from work.",-10.895458994022,-10.6521916572385,-0.243267336783568,-10.4441788583862,-9.77524000161251,-0.668938856773702,-10.6119869886878,-9.9047832129698,-0.707203775718048,-11.39910457,-8.899825734,-2.499278832,-8.73197546294898,-8.95914558364647,0.227170120697494,-10.416540974809,-9.63823723789345,-0.778303736115565
"162",162,61,"non-alternating",61,"shortIndefinite","Mary denounced a man a law.","Mary denounced a law to a man.",-10.7536915990509,-10.6800083686818,-0.0736832303691539,-10.2196686161492,-9.60103655326885,-0.618632062880307,-10.4981959942881,-9.75192192010641,-0.746274074181656,-11.1632258,-8.716389596,-2.446836204,-8.7406504908694,-8.82101618342972,0.0803656925603207,-10.2750865000715,-9.51407452429735,-0.761011975774159
"163",163,63,"non-alternating",63,"longIndefinite","Alice murmured a woman from work a comment.","Alice murmured a comment to a woman from work.",-10.8559517993472,-10.6042267748322,-0.251725024515055,-10.1728734890049,-10.5335964621994,0.360722973194497,-9.76078793866688,-10.8460877391771,1.08529980051022,-10.05660535,-9.984692089,-0.071913264,-10.3604411961353,-11.7945693186249,1.43412812248967,-10.2413319546308,-10.7526344767667,0.511302521535865
"164",164,63,"non-alternating",63,"shortIndefinite","Mary murmured a woman a comment.","Mary murmured a comment to a woman.",-11.5091581437708,-10.7369654473532,-0.772192696417687,-9.75665001542675,-10.0590879755668,0.30243796014009,-10.6149158680431,-10.3566187256002,-0.258297142442855,-10.90672028,-10.90134976,-0.005370527,-8.85819833551713,-8.98725293667916,0.129054601162032,-10.3291285285516,-10.2082549690399,-0.120873560911684
"165",165,65,"non-alternating",65,"longIndefinite","Michael moaned a man wearing a hat a plea.","Michael moaned a plea to a man wearing a hat.",-9.59983124383679,-9.75645122139569,0.156619977558904,-9.49806003222717,-9.70648014494595,0.208420112718786,-9.80257812846571,-9.98236973975727,0.179791611291563,-8.451138803,-9.011194141,0.560055337,-10.8719192071198,-10.5411765421094,-0.330742665010414,-9.6447054829299,-9.79953435784167,0.154828874711768
"166",166,65,"non-alternating",65,"shortIndefinite","Michael moaned a man a plea.","Michael moaned a plea to a man.",-11.229791571423,-11.143691352921,-0.0861002185020272,-9.93192998321713,-9.78894114356044,-0.142988839656683,-10.2434157047307,-10.1732767146857,-0.0701389900450007,-8.723283364,-9.309455877,0.586172513,-10.7405032496878,-10.3992664262878,-0.341236823399926,-10.1737847746117,-10.162926302891,-0.0108584717207274
"167",167,67,"non-alternating",67,"longIndefinite","Alice dispatched a team from work some meals.","Alice dispatched some meals to a team from work.",-9.65608695765478,-9.23917103240919,-0.416915925245597,-10.4495496767464,-10.5024441045369,0.0528944277905232,-9.78198716706438,-10.0940575408388,0.312070373774386,-8.875782515,-8.663579641,-0.212202874,-10.6162149639488,-11.352154315886,0.735939351937192,-9.87592425608286,-9.97028132693416,0.0943570708513009
"168",168,67,"non-alternating",67,"shortIndefinite","Linda dispatched a team some meals.","Linda dispatched some meals to a team.",-9.20057226034241,-9.06327057769061,-0.137301682651794,-10.1793923783901,-10.050856886856,-0.128535491534095,-8.99986787924394,-9.55075579855217,0.550887919308236,-8.987481735,-9.325321615,0.337839879,-10.5571717428705,-11.1735967232319,0.616424980361415,-9.58489719916939,-9.83276032026614,0.247863120896753
"169",169,69,"non-alternating",69,"longIndefinite","Maria mumbled a man from work some news.","Maria mumbled some news to a man from work.",-9.61512491708922,-10.1193974467806,0.50427252969139,-9.41442076092241,-8.78807296663451,-0.626347794287895,-10.3514034751315,-10.8961584606649,0.544754985533311,-8.221007036,-9.829872806,1.60886577,-10.6835926870009,-10.7684909533825,0.0848982663816695,-9.65710977522881,-10.0803985266925,0.423288751463695
"170",170,69,"non-alternating",69,"shortIndefinite","John mumbled a man some news.","John mumbled some news to a man.",-9.89746260664163,-9.5772118159687,-0.320250790672931,-8.42478651099674,-8.58623136499827,0.161444854001532,-10.4627399718529,-11.0927280820458,0.629988110192834,-8.261760683,-8.405056517,0.143295834,-9.93853525732943,-10.6843913540776,0.745856096748138,-9.39705700596415,-9.66912382681806,0.272066820853915
"171",171,71,"non-alternating",71,"longIndefinite","Mary furnished a team from work some forms.","Mary furnished some forms to a team from work.",-9.40281289823408,-9.55259450920444,0.14978161097036,-9.66806528757003,-9.1069700864922,-0.56109520107783,-9.50733376828153,-10.0084664965112,0.501132728229692,-9.326076477,-8.895181683,-0.430894794,-8.80409100773305,-8.56800088478014,-0.236090122952914,-9.34167588776374,-9.2262427319976,-0.115433155766139
"172",172,71,"non-alternating",71,"shortIndefinite","John furnished a team some forms.","John furnished some forms to a team.",-9.5960688417604,-9.49825842640022,-0.0978104153601826,-10.4448739533762,-9.22269176734107,-1.22218218603509,-10.5130802206551,-9.67084467774821,-0.842235542906852,-7.957184442,-8.000703992,0.04351955,-10.3900735891658,-8.77948415211826,-1.61058943704758,-9.78025620939149,-9.03439660312155,-0.745859606269941
"173",173,73,"non-alternating",73,"longIndefinite","Alice howled a woman from work a complaint.","Alice howled a complaint to a woman from work.",-9.67651594494375,-9.90181855283222,0.225302607888464,-8.91215530275869,-9.97911489273202,1.06695958997333,-9.36162462533883,-9.76194903405304,0.400324408714207,-8.350605149,-8.722898036,0.372292887,-11.3187703698883,-11.1095397373513,-0.209230632536991,-9.52393427838592,-9.89506405059372,0.371129772207802
"174",174,73,"non-alternating",73,"shortIndefinite","Michael howled a man a complaint.","Michael howled a complaint to a man.",-9.45215087677183,-9.67089354297435,0.218742666202518,-9.6201698607185,-9.99098403378096,0.370814173062454,-10.0755546412183,-10.5319527739407,0.456398132722407,-9.565852085,-10.29580661,0.729954527,-10.9903720815081,-11.1214936757709,0.131121594262813,-9.94081990904334,-10.3222261272934,0.381406218650039
"175",175,75,"non-alternating",75,"longIndefinite","Maria grumbled a man who was from work a name.","Maria grumbled a name to a man who was from work.",-10.3606174068392,-10.0101614838447,-0.350455922994492,-10.722699297478,-11.0400534093436,0.317354111865654,-11.0185292811701,-10.7034140723805,-0.315115208789569,-8.526088499,-9.723249918,1.197161419,-10.729198584127,-10.7720405490935,0.0428419649665237,-10.2714266137228,-10.4497838865325,0.178357272809623
"176",176,75,"non-alternating",75,"shortIndefinite","Juan grumbled a man a name.","Juan grumbled a name to a man.",-10.6814543321282,-10.4486027400428,-0.232851592085384,-10.4331833716583,-10.5215878393589,0.0884044677006237,-11.7853130817151,-11.3102881966939,-0.475024885021263,-9.476786027,-9.914742729,0.437956702,-9.83578114921884,-9.94236513555371,0.106583986334869,-10.4425035923441,-10.4275173281299,-0.0149862642142308
"177",177,77,"non-alternating",77,"longIndefinite","Juan narrated a woman who was from work a show.","Juan narrated a show to a woman who was from work.",-8.80616927222603,-9.86281029834279,1.05664102611675,-9.83481059106161,-9.64346049377008,-0.191350097291529,-9.24739924780178,-10.2200207349937,0.972621487191951,-8.431300706,-9.257539786,0.826239081,-9.69936107953411,-9.73923114079171,0.0398700612575968,-9.20380817932471,-9.74461249077966,0.540804311654954
"178",178,77,"non-alternating",77,"shortIndefinite","Maria narrated a man a show.","Maria narrated a show to a man.",-9.33487422807277,-9.94962818531975,0.614753957246979,-9.04438194848869,-9.81908929387703,0.774707345388341,-10.8707174774982,-10.7985756001784,-0.072141877319801,-10.04887624,-10.17587608,0.126999842,-9.58157419080088,-8.93734536675496,-0.644228824045914,-9.77608481697211,-9.93610290522603,0.160018088653921
"179",179,79,"non-alternating",79,"longIndefinite","Alice grunted a man who was from work a name.","Alice grunted a name to a man who was from work.",-10.3523790708252,-10.0455701613482,-0.30680890947697,-10.5150702100341,-10.8503157033067,0.335245493272506,-10.8827716373244,-10.4584543344211,-0.424317302903335,-8.890813167,-10.10638397,1.215570807,-10.9536692243596,-10.5412909990301,-0.412378225329588,-10.3189406619087,-10.4004030336212,0.0814623725125225
"180",180,79,"non-alternating",79,"shortIndefinite","Michael grunted a woman a name.","Michael grunted a name to a woman.",-10.9617432219289,-10.5891473626292,-0.372595859299674,-10.8246741544316,-11.052337299096,0.227663144664362,-11.776656836371,-10.785044239668,-0.991612596703055,-8.334066822,-10.0214395,1.687372681,-10.3301448577561,-10.6349695357194,0.304824677963312,-10.4454571784975,-10.6165875874225,0.171130409524989
"181",181,81,"non-alternating",81,"longIndefinite","Bob hollered a man from work some news.","Bob hollered some news to a man from work.",-9.71978536603544,-10.2609210383483,0.54113567231283,-9.00946760050953,-9.08559626454718,0.0761286640376539,-9.15702145585303,-9.37849820525719,0.221476749404152,-9.351383039,-9.492538296,0.141155257,-9.79184018341599,-9.35064957544867,-0.441190607967314,-9.4058995289628,-9.51364067592026,0.107741146957464
"182",182,81,"non-alternating",81,"shortIndefinite","Alice hollered a woman some news.","Alice hollered some news to a woman.",-10.1140395765563,-10.1119913951729,-0.00204818138333351,-9.15621292546959,-8.80009967876759,-0.356113246702002,-9.3897268927346,-9.21726970849441,-0.172457184240187,-8.811439423,-9.345327679,0.533888256,-10.3320675448105,-9.69317088841911,-0.638896656391404,-9.5606972725142,-9.43357186997081,-0.127125402543385
"183",183,83,"non-alternating",83,"longIndefinite","Bob squealed a woman from work an answer.","Bob squealed an answer to a woman from work.",-10.6019311981992,-9.80920867876115,-0.792722519438041,-9.99835649914017,-9.22392935159978,-0.774427147540392,-9.457316098862,-10.2986381955618,0.84132209669975,-10.21129058,-9.93970572,-0.271584864,-8.81322169771313,-8.70306378178746,-0.110157915925672,-9.8164232147829,-9.59490914554203,-0.221514070040871
"184",184,83,"non-alternating",83,"shortIndefinite","Mary squealed a woman an answer.","Mary squealed an answer to a woman.",-8.74450118840293,-9.23395954880083,0.489458360397901,-8.86101478911171,-9.08371208511367,0.222697296001961,-9.99481186063362,-9.92732534192104,-0.0674865187125793,-10.57931284,-10.08193395,-0.497378886,-7.51319827621575,-7.94965841297797,0.436460136762216,-9.1385677908728,-9.2553178677627,0.1167500776899
"185",185,85,"non-alternating",85,"longIndefinite","Linda delegated a woman who was from work a task.","Linda delegated a task to a woman who was from work.",-9.30479483782226,-8.1591571770723,-1.14563766074997,-7.04565204343423,-7.02131661092677,-0.0243354325074652,-9.92737273677997,-9.87545562201351,-0.0519171147664537,-10.51995587,-9.402429747,-1.117526127,-10.1561775586613,-7.54600594245915,-2.61017161620215,-9.39079060933955,-8.40087301989434,-0.989917590245208
"186",186,85,"non-alternating",85,"shortIndefinite","Alice delegated a man a task.","Alice delegated a task to a man.",-8.57626648192504,-8.85037016033015,0.274103678405119,-6.29902705968017,-6.80355146543512,0.504524405754948,-10.0984202905167,-8.92308436636993,-1.17533592414676,-10.55673964,-8.977303523,-1.579436114,-9.49248721576468,-7.23426353821405,-2.25822367755063,-9.00458813757731,-8.15771461066985,-0.846873526307464
"187",187,87,"non-alternating",87,"longIndefinite","Mary screeched a woman wearing a hat a thought.","Mary screeched a thought to a woman wearing a hat.",-10.020411758513,-9.65282853430265,-0.367583224210387,-9.86344875278777,-9.59622565496968,-0.267223097818093,-9.90798968809612,-9.98236015048702,0.0743704623908954,-9.982131809,-10.16422387,0.182092061,-9.04463103395541,-9.1020314291494,0.0574003951939908,-9.76372260847047,-9.69953392778175,-0.0641886806887187
"188",188,87,"non-alternating",87,"shortIndefinite","Maria screeched a man a thought.","Maria screeched a thought to a man.",-10.5937591713634,-11.1984208093059,0.604661637942437,-10.4368524370454,-10.8980882191913,0.461235782145931,-11.5172162928255,-11.6512118521446,0.133995559319125,-10.46860377,-10.70630805,0.237704285,-10.4257291175933,-10.8245867669876,0.398857649394246,-10.6884321577655,-11.0557231395259,0.367290982760348
"189",189,89,"non-alternating",89,"longIndefinite","Juan bellowed a man who was from work an order.","Juan bellowed an order to a man who was from work.",-8.60092899388152,-8.95285001882027,0.351921024938752,-9.51690455097182,-9.82321937548225,0.306314824510434,-9.3281279802917,-9.27198314829447,-0.0561448319972282,-9.31629261,-9.076789473,-0.239503137,-9.61519620332753,-9.26464393089491,-0.350552272432619,-9.27549006769451,-9.27789718929838,0.00240712160386774
"190",190,89,"non-alternating",89,"shortIndefinite","Mary bellowed a man an order.","Mary bellowed an order to a man.",-9.26004814645952,-9.30610545907249,0.0460573126129677,-8.87741213644602,-9.41297852572543,0.535566389279412,-8.72719543040275,-9.01769760459646,0.290502174193712,-8.234116644,-9.597704226,1.363587583,-7.9480121280307,-8.35230843848185,0.404296310451151,-8.6093568970678,-9.13735885077525,0.528001953907449
"191",191,91,"non-alternating",91,"longIndefinite","John cackled a woman wearing a hat some noises.","John cackled some noises to a woman wearing a hat.",-9.10709309141899,-8.8162515533848,-0.29084153803419,-9.37526342067316,-9.30568580639199,-0.0695776142811653,-9.84541693366703,-10.1838273024872,0.33841036882016,-8.314546068,-8.473257647,0.158711578,-9.93630395495679,-10.1356341851349,0.199330230178109,-9.31572469374319,-9.38293129887978,0.0672066049365828
"192",192,91,"non-alternating",91,"shortIndefinite","John cackled a man some noises.","John cackled some noises to a man.",-9.51420533895684,-9.48177270025628,-0.032432638700568,-9.33230365517143,-9.32076689539311,-0.0115367597783163,-10.3308765105881,-10.4529378836647,0.12206137307663,-8.255115335,-8.459821656,0.20470632,-9.67653990501232,-9.71923606340012,0.0426961583877929,-9.42180814894574,-9.48690703974284,0.0650988905971076
"193",193,93,"non-alternating",93,"longIndefinite","Mary croaked a man wearing a hat a request.","Mary croaked a request to a man wearing a hat.",-9.80743832752172,-9.59188337651066,-0.215554951011061,-9.7032246650447,-9.75608800411887,0.0528633390741735,-9.80147594318015,-9.83198958194234,0.0305136387621907,-9.616173248,-9.682792257,0.066619009,-8.78960817191285,-8.95994309583632,0.170334923923468,-9.54358407113188,-9.56453926308164,0.0209551919497542
"194",194,93,"non-alternating",93,"shortIndefinite","Bob croaked a woman a request.","Bob croaked a request to a woman.",-11.8480172502931,-10.7810863744204,-1.06693087587267,-10.9146183572823,-10.247967069574,-0.666651287708232,-10.7977042891559,-10.6017233183798,-0.195980970776137,-10.21417259,-10.19004416,-0.024128428,-10.2621474458364,-10.9240322302365,0.661884784400131,-10.8073319865135,-10.5489706305222,-0.258361355591381
"195",195,95,"non-alternating",95,"longIndefinite","Bob stammered a woman wearing a hat a thought.","Bob stammered a thought to a woman wearing a hat.",-9.95518319368921,-9.39742851498679,-0.557754678702418,-9.77507578506549,-9.71594767724832,-0.0591281078171662,-9.90214171478789,-10.1529167035129,0.250774988725038,-9.231523724,-9.485273171,0.253749447,-10.7460100535741,-10.7396494693266,-0.00636058424746722,-9.92198689422333,-9.89824310721493,-0.0237437870084027
"196",196,95,"non-alternating",95,"shortIndefinite","John stammered a woman a thought.","John stammered a thought to a woman.",-9.58222076969562,-9.98418400758007,0.40196323788445,-10.4023932391207,-9.6871988766051,-0.715194362515573,-11.5194809077471,-10.9767079198014,-0.542772987945728,-8.415805468,-8.498893964,0.083088496,-10.4121387835678,-10.1953074312201,-0.216831352347766,-10.0664078336262,-9.86845843984132,-0.197949393784923
"197",197,97,"non-alternating",97,"longIndefinite","Linda remitted a woman who was from work a percentage.","Linda remitted a percentage to a woman who was from work.",-10.2116863914463,-9.55879263105207,-0.652893760394207,-10.8727967039002,-11.1050671537864,0.232270449886187,-10.2474992776533,-10.1977177108762,-0.049781566777126,-10.40808133,-10.41881076,0.010729426,-10.2067892572172,-10.1581777243532,-0.0486115328640313,-10.3893705920434,-10.2877131960136,-0.101657396829835
"198",198,97,"non-alternating",97,"shortIndefinite","Maria remitted a man a percentage.","Maria remitted a percentage to a man.",-10.4491998289419,-10.2352242242692,-0.213975604672648,-10.1363090692177,-11.1029262433848,0.966617174167125,-10.2864102166635,-10.5938076777049,0.307397461041495,-9.287170033,-9.508829147,0.221659114,-9.47395392645192,-9.65596677789154,0.182012851439616,-9.92660861485498,-10.2193508140501,0.292742199195118
"199",199,99,"non-alternating",99,"longIndefinite","John warbled a man from work a greeting.","John warbled a greeting to a man from work.",-9.60044957203802,-9.60529334247256,0.00484377043454387,-9.81940776895201,-9.62059430751511,-0.198813461436897,-11.6472673144361,-11.6304359313809,-0.016831383055214,-8.604407805,-8.745821592,0.141413787,-9.50062036066553,-9.96739227232279,0.466771911657263,-9.83443056421833,-9.91390748913827,0.0794769249199392
"200",200,99,"non-alternating",99,"shortIndefinite","John warbled a woman a greeting.","John warbled a greeting to a woman.",-9.3627106461676,-9.34492235118766,-0.0177882949799439,-9.31709835266404,-9.31119855428129,-0.00589979838274957,-10.8816161623727,-11.2880285452748,0.40641238290211,-8.460794239,-8.576109455,0.115315215,-10.0223558866573,-10.1734351415412,0.151079254883911,-9.60891505737233,-9.73873880945699,0.129823751884665
